date,year,quarter,month,month_name,day,weekday,is_weekend
2011-01-01,2011,1,1,January,1,Saturday,True
2011-01-02,2011,1,1,January,2,Sunday,True
2011-01-03,2011,1,1,January,3,Monday,False
2011-01-04,2011,1,1,January,4,Tuesday,False
2011-01-05,2011,1,1,January,5,Wednesday,False
2011-01-06,2011,1,1,January,6,Thursday,False
2011-01-07,2011,1,1,January,7,Friday,False
2011-01-08,2011,1,1,January,8,Saturday,True
2011-01-09,2011,1,1,January,9,Sunday,True
2011-01-10,2011,1,1,January,10,Monday,False
2011-01-11,2011,1,1,January,11,Tuesday,False
2011-01-12,2011,1,1,January,12,Wednesday,False
2011-01-13,2011,1,1,January,13,Thursday,False
2011-01-14,2011,1,1,January,14,Friday,False
2011-01-15,2011,1,1,January,15,Saturday,True
2011-01-16,2011,1,1,January,16,Sunday,True
2011-01-17,2011,1,1,January,17,Monday,False
2011-01-18,2011,1,1,January,18,Tuesday,False
2011-01-19,2011,1,1,January,19,Wednesday,False
2011-01-20,2011,1,1,January,20,Thursday,False
2011-01-21,2011,1,1,January,21,Friday,False
2011-01-22,2011,1,1,January,22,Saturday,True
2011-01-23,2011,1,1,January,23,Sunday,True
2011-01-24,2011,1,1,January,24,Monday,False
2011-01-25,2011,1,1,January,25,Tuesday,False
2011-01-26,2011,1,1,January,26,Wednesday,False
2011-01-27,2011,1,1,January,27,Thursday,False
2011-01-28,2011,1,1,January,28,Friday,False
2011-01-29,2011,1,1,January,29,Saturday,True
2011-01-30,2011,1,1,January,30,Sunday,True
2011-01-31,2011,1,1,January,31,Monday,False
2011-02-01,2011,1,2,February,1,Tuesday,False
2011-02-02,2011,1,2,February,2,Wednesday,False
2011-02-03,2011,1,2,February,3,Thursday,False
2011-02-04,2011,1,2,February,4,Friday,False
2011-02-05,2011,1,2,February,5,Saturday,True
2011-02-06,2011,1,2,February,6,Sunday,True
2011-02-07,2011,1,2,February,7,Monday,False
2011-02-08,2011,1,2,February,8,Tuesday,False
2011-02-09,2011,1,2,February,9,Wednesday,False
2011-02-10,2011,1,2,February,10,Thursday,False
2011-02-11,2011,1,2,February,11,Friday,False
2011-02-12,2011,1,2,February,12,Saturday,True
2011-02-13,2011,1,2,February,13,Sunday,True
2011-02-14,2011,1,2,February,14,Monday,False
2011-02-15,2011,1,2,February,15,Tuesday,False
2011-02-16,2011,1,2,February,16,Wednesday,False
2011-02-17,2011,1,2,February,17,Thursday,False
2011-02-18,2011,1,2,February,18,Friday,False
2011-02-19,2011,1,2,February,19,Saturday,True
2011-02-21,2011,1,2,February,21,Monday,False
2011-02-22,2011,1,2,February,22,Tuesday,False
2011-02-23,2011,1,2,February,23,Wednesday,False
2011-02-24,2011,1,2,February,24,Thursday,False
2011-02-25,2011,1,2,February,25,Friday,False
2011-02-26,2011,1,2,February,26,Saturday,True
2011-02-27,2011,1,2,February,27,Sunday,True
2011-02-28,2011,1,2,February,28,Monday,False
2011-03-01,2011,1,3,March,1,Tuesday,False
2011-03-02,2011,1,3,March,2,Wednesday,False
2011-03-03,2011,1,3,March,3,Thursday,False
2011-03-04,2011,1,3,March,4,Friday,False
2011-03-05,2011,1,3,March,5,Saturday,True
2011-03-06,2011,1,3,March,6,Sunday,True
2011-03-07,2011,1,3,March,7,Monday,False
2011-03-08,2011,1,3,March,8,Tuesday,False
2011-03-09,2011,1,3,March,9,Wednesday,False
2011-03-10,2011,1,3,March,10,Thursday,False
2011-03-11,2011,1,3,March,11,Friday,False
2011-03-12,2011,1,3,March,12,Saturday,True
2011-03-14,2011,1,3,March,14,Monday,False
2011-03-15,2011,1,3,March,15,Tuesday,False
2011-03-16,2011,1,3,March,16,Wednesday,False
2011-03-17,2011,1,3,March,17,Thursday,False
2011-03-18,2011,1,3,March,18,Friday,False
2011-03-19,2011,1,3,March,19,Saturday,True
2011-03-21,2011,1,3,March,21,Monday,False
2011-03-22,2011,1,3,March,22,Tuesday,False
2011-03-23,2011,1,3,March,23,Wednesday,False
2011-03-24,2011,1,3,March,24,Thursday,False
2011-03-25,2011,1,3,March,25,Friday,False
2011-03-26,2011,1,3,March,26,Saturday,True
2011-03-27,2011,1,3,March,27,Sunday,True
2011-03-28,2011,1,3,March,28,Monday,False
2011-03-29,2011,1,3,March,29,Tuesday,False
2011-03-30,2011,1,3,March,30,Wednesday,False
2011-03-31,2011,1,3,March,31,Thursday,False
2011-04-01,2011,2,4,April,1,Friday,False
2011-04-02,2011,2,4,April,2,Saturday,True
2011-04-03,2011,2,4,April,3,Sunday,True
2011-04-04,2011,2,4,April,4,Monday,False
2011-04-05,2011,2,4,April,5,Tuesday,False
2011-04-06,2011,2,4,April,6,Wednesday,False
2011-04-07,2011,2,4,April,7,Thursday,False
2011-04-08,2011,2,4,April,8,Friday,False
2011-04-09,2011,2,4,April,9,Saturday,True
2011-04-11,2011,2,4,April,11,Monday,False
2011-04-12,2011,2,4,April,12,Tuesday,False
2011-04-13,2011,2,4,April,13,Wednesday,False
2011-04-14,2011,2,4,April,14,Thursday,False
2011-04-15,2011,2,4,April,15,Friday,False
2011-04-16,2011,2,4,April,16,Saturday,True
2011-04-18,2011,2,4,April,18,Monday,False
2011-04-19,2011,2,4,April,19,Tuesday,False
2011-04-20,2011,2,4,April,20,Wednesday,False
2011-04-21,2011,2,4,April,21,Thursday,False
2011-04-22,2011,2,4,April,22,Friday,False
2011-04-23,2011,2,4,April,23,Saturday,True
2011-04-24,2011,2,4,April,24,Sunday,True
2011-04-25,2011,2,4,April,25,Monday,False
2011-04-26,2011,2,4,April,26,Tuesday,False
2011-04-27,2011,2,4,April,27,Wednesday,False
2011-04-28,2011,2,4,April,28,Thursday,False
2011-04-29,2011,2,4,April,29,Friday,False
2011-04-30,2011,2,4,April,30,Saturday,True
2011-05-02,2011,2,5,May,2,Monday,False
2011-05-03,2011,2,5,May,3,Tuesday,False
2011-05-04,2011,2,5,May,4,Wednesday,False
2011-05-05,2011,2,5,May,5,Thursday,False
2011-05-06,2011,2,5,May,6,Friday,False
2011-05-07,2011,2,5,May,7,Saturday,True
2011-05-08,2011,2,5,May,8,Sunday,True
2011-05-09,2011,2,5,May,9,Monday,False
2011-05-10,2011,2,5,May,10,Tuesday,False
2011-05-11,2011,2,5,May,11,Wednesday,False
2011-05-12,2011,2,5,May,12,Thursday,False
2011-05-13,2011,2,5,May,13,Friday,False
2011-05-14,2011,2,5,May,14,Saturday,True
2011-05-15,2011,2,5,May,15,Sunday,True
2011-05-16,2011,2,5,May,16,Monday,False
2011-05-17,2011,2,5,May,17,Tuesday,False
2011-05-18,2011,2,5,May,18,Wednesday,False
2011-05-19,2011,2,5,May,19,Thursday,False
2011-05-20,2011,2,5,May,20,Friday,False
2011-05-21,2011,2,5,May,21,Saturday,True
2011-05-22,2011,2,5,May,22,Sunday,True
2011-05-23,2011,2,5,May,23,Monday,False
2011-05-24,2011,2,5,May,24,Tuesday,False
2011-05-25,2011,2,5,May,25,Wednesday,False
2011-05-26,2011,2,5,May,26,Thursday,False
2011-05-27,2011,2,5,May,27,Friday,False
2011-05-28,2011,2,5,May,28,Saturday,True
2011-05-30,2011,2,5,May,30,Monday,False
2011-05-31,2011,2,5,May,31,Tuesday,False
2011-06-01,2011,2,6,June,1,Wednesday,False
2011-06-02,2011,2,6,June,2,Thursday,False
2011-06-03,2011,2,6,June,3,Friday,False
2011-06-04,2011,2,6,June,4,Saturday,True
2011-06-05,2011,2,6,June,5,Sunday,True
2011-06-06,2011,2,6,June,6,Monday,False
2011-06-07,2011,2,6,June,7,Tuesday,False
2011-06-08,2011,2,6,June,8,Wednesday,False
2011-06-09,2011,2,6,June,9,Thursday,False
2011-06-10,2011,2,6,June,10,Friday,False
2011-06-11,2011,2,6,June,11,Saturday,True
2011-06-12,2011,2,6,June,12,Sunday,True
2011-06-13,2011,2,6,June,13,Monday,False
2011-06-14,2011,2,6,June,14,Tuesday,False
2011-06-15,2011,2,6,June,15,Wednesday,False
2011-06-16,2011,2,6,June,16,Thursday,False
2011-06-17,2011,2,6,June,17,Friday,False
2011-06-18,2011,2,6,June,18,Saturday,True
2011-06-19,2011,2,6,June,19,Sunday,True
2011-06-20,2011,2,6,June,20,Monday,False
2011-06-21,2011,2,6,June,21,Tuesday,False
2011-06-22,2011,2,6,June,22,Wednesday,False
2011-06-23,2011,2,6,June,23,Thursday,False
2011-06-24,2011,2,6,June,24,Friday,False
2011-06-25,2011,2,6,June,25,Saturday,True
2011-06-26,2011,2,6,June,26,Sunday,True
2011-06-27,2011,2,6,June,27,Monday,False
2011-06-28,2011,2,6,June,28,Tuesday,False
2011-06-29,2011,2,6,June,29,Wednesday,False
2011-06-30,2011,2,6,June,30,Thursday,False
2011-07-01,2011,3,7,July,1,Friday,False
2011-07-02,2011,3,7,July,2,Saturday,True
2011-07-04,2011,3,7,July,4,Monday,False
2011-07-05,2011,3,7,July,5,Tuesday,False
2011-07-06,2011,3,7,July,6,Wednesday,False
2011-07-07,2011,3,7,July,7,Thursday,False
2011-07-08,2011,3,7,July,8,Friday,False
2011-07-09,2011,3,7,July,9,Saturday,True
2011-07-11,2011,3,7,July,11,Monday,False
2011-07-12,2011,3,7,July,12,Tuesday,False
2011-07-13,2011,3,7,July,13,Wednesday,False
2011-07-14,2011,3,7,July,14,Thursday,False
2011-07-15,2011,3,7,July,15,Friday,False
2011-07-16,2011,3,7,July,16,Saturday,True
2011-07-17,2011,3,7,July,17,Sunday,True
2011-07-18,2011,3,7,July,18,Monday,False
2011-07-19,2011,3,7,July,19,Tuesday,False
2011-07-20,2011,3,7,July,20,Wednesday,False
2011-07-21,2011,3,7,July,21,Thursday,False
2011-07-22,2011,3,7,July,22,Friday,False
2011-07-23,2011,3,7,July,23,Saturday,True
2011-07-24,2011,3,7,July,24,Sunday,True
2011-07-25,2011,3,7,July,25,Monday,False
2011-07-26,2011,3,7,July,26,Tuesday,False
2011-07-27,2011,3,7,July,27,Wednesday,False
2011-07-28,2011,3,7,July,28,Thursday,False
2011-07-29,2011,3,7,July,29,Friday,False
2011-07-30,2011,3,7,July,30,Saturday,True
2011-07-31,2011,3,7,July,31,Sunday,True
2011-08-01,2011,3,8,August,1,Monday,False
2011-08-02,2011,3,8,August,2,Tuesday,False
2011-08-03,2011,3,8,August,3,Wednesday,False
2011-08-04,2011,3,8,August,4,Thursday,False
2011-08-05,2011,3,8,August,5,Friday,False
2011-08-06,2011,3,8,August,6,Saturday,True
2011-08-07,2011,3,8,August,7,Sunday,True
2011-08-08,2011,3,8,August,8,Monday,False
2011-08-09,2011,3,8,August,9,Tuesday,False
2011-08-10,2011,3,8,August,10,Wednesday,False
2011-08-11,2011,3,8,August,11,Thursday,False
2011-08-12,2011,3,8,August,12,Friday,False
2011-08-13,2011,3,8,August,13,Saturday,True
2011-08-15,2011,3,8,August,15,Monday,False
2011-08-16,2011,3,8,August,16,Tuesday,False
2011-08-17,2011,3,8,August,17,Wednesday,False
2011-08-18,2011,3,8,August,18,Thursday,False
2011-08-19,2011,3,8,August,19,Friday,False
2011-08-20,2011,3,8,August,20,Saturday,True
2011-08-21,2011,3,8,August,21,Sunday,True
2011-08-22,2011,3,8,August,22,Monday,False
2011-08-23,2011,3,8,August,23,Tuesday,False
2011-08-24,2011,3,8,August,24,Wednesday,False
2011-08-25,2011,3,8,August,25,Thursday,False
2011-08-26,2011,3,8,August,26,Friday,False
2011-08-27,2011,3,8,August,27,Saturday,True
2011-08-29,2011,3,8,August,29,Monday,False
2011-08-30,2011,3,8,August,30,Tuesday,False
2011-08-31,2011,3,8,August,31,Wednesday,False
2011-09-01,2011,3,9,September,1,Thursday,False
2011-09-02,2011,3,9,September,2,Friday,False
2011-09-03,2011,3,9,September,3,Saturday,True
2011-09-05,2011,3,9,September,5,Monday,False
2011-09-06,2011,3,9,September,6,Tuesday,False
2011-09-07,2011,3,9,September,7,Wednesday,False
2011-09-08,2011,3,9,September,8,Thursday,False
2011-09-09,2011,3,9,September,9,Friday,False
2011-09-10,2011,3,9,September,10,Saturday,True
2011-09-11,2011,3,9,September,11,Sunday,True
2011-09-12,2011,3,9,September,12,Monday,False
2011-09-13,2011,3,9,September,13,Tuesday,False
2011-09-14,2011,3,9,September,14,Wednesday,False
2011-09-15,2011,3,9,September,15,Thursday,False
2011-09-16,2011,3,9,September,16,Friday,False
2011-09-17,2011,3,9,September,17,Saturday,True
2011-09-18,2011,3,9,September,18,Sunday,True
2011-09-19,2011,3,9,September,19,Monday,False
2011-09-20,2011,3,9,September,20,Tuesday,False
2011-09-21,2011,3,9,September,21,Wednesday,False
2011-09-22,2011,3,9,September,22,Thursday,False
2011-09-23,2011,3,9,September,23,Friday,False
2011-09-24,2011,3,9,September,24,Saturday,True
2011-09-25,2011,3,9,September,25,Sunday,True
2011-09-26,2011,3,9,September,26,Monday,False
2011-09-27,2011,3,9,September,27,Tuesday,False
2011-09-28,2011,3,9,September,28,Wednesday,False
2011-09-29,2011,3,9,September,29,Thursday,False
2011-09-30,2011,3,9,September,30,Friday,False
2011-10-01,2011,4,10,October,1,Saturday,True
2011-10-02,2011,4,10,October,2,Sunday,True
2011-10-03,2011,4,10,October,3,Monday,False
2011-10-04,2011,4,10,October,4,Tuesday,False
2011-10-05,2011,4,10,October,5,Wednesday,False
2011-10-06,2011,4,10,October,6,Thursday,False
2011-10-07,2011,4,10,October,7,Friday,False
2011-10-08,2011,4,10,October,8,Saturday,True
2011-10-09,2011,4,10,October,9,Sunday,True
2011-10-10,2011,4,10,October,10,Monday,False
2011-10-11,2011,4,10,October,11,Tuesday,False
2011-10-12,2011,4,10,October,12,Wednesday,False
2011-10-13,2011,4,10,October,13,Thursday,False
2011-10-14,2011,4,10,October,14,Friday,False
2011-10-15,2011,4,10,October,15,Saturday,True
2011-10-16,2011,4,10,October,16,Sunday,True
2011-10-17,2011,4,10,October,17,Monday,False
2011-10-18,2011,4,10,October,18,Tuesday,False
2011-10-19,2011,4,10,October,19,Wednesday,False
2011-10-20,2011,4,10,October,20,Thursday,False
2011-10-21,2011,4,10,October,21,Friday,False
2011-10-22,2011,4,10,October,22,Saturday,True
2011-10-24,2011,4,10,October,24,Monday,False
2011-10-25,2011,4,10,October,25,Tuesday,False
2011-10-26,2011,4,10,October,26,Wednesday,False
2011-10-27,2011,4,10,October,27,Thursday,False
2011-10-28,2011,4,10,October,28,Friday,False
2011-10-29,2011,4,10,October,29,Saturday,True
2011-10-30,2011,4,10,October,30,Sunday,True
2011-10-31,2011,4,10,October,31,Monday,False
2011-11-01,2011,4,11,November,1,Tuesday,False
2011-11-02,2011,4,11,November,2,Wednesday,False
2011-11-03,2011,4,11,November,3,Thursday,False
2011-11-04,2011,4,11,November,4,Friday,False
2011-11-05,2011,4,11,November,5,Saturday,True
2011-11-06,2011,4,11,November,6,Sunday,True
2011-11-07,2011,4,11,November,7,Monday,False
2011-11-08,2011,4,11,November,8,Tuesday,False
2011-11-09,2011,4,11,November,9,Wednesday,False
2011-11-10,2011,4,11,November,10,Thursday,False
2011-11-11,2011,4,11,November,11,Friday,False
2011-11-12,2011,4,11,November,12,Saturday,True
2011-11-13,2011,4,11,November,13,Sunday,True
2011-11-14,2011,4,11,November,14,Monday,False
2011-11-15,2011,4,11,November,15,Tuesday,False
2011-11-16,2011,4,11,November,16,Wednesday,False
2011-11-17,2011,4,11,November,17,Thursday,False
2011-11-18,2011,4,11,November,18,Friday,False
2011-11-19,2011,4,11,November,19,Saturday,True
2011-11-20,2011,4,11,November,20,Sunday,True
2011-11-21,2011,4,11,November,21,Monday,False
2011-11-22,2011,4,11,November,22,Tuesday,False
2011-11-23,2011,4,11,November,23,Wednesday,False
2011-11-24,2011,4,11,November,24,Thursday,False
2011-11-25,2011,4,11,November,25,Friday,False
2011-11-26,2011,4,11,November,26,Saturday,True
2011-11-27,2011,4,11,November,27,Sunday,True
2011-11-28,2011,4,11,November,28,Monday,False
2011-11-29,2011,4,11,November,29,Tuesday,False
2011-11-30,2011,4,11,November,30,Wednesday,False
2011-12-01,2011,4,12,December,1,Thursday,False
2011-12-02,2011,4,12,December,2,Friday,False
2011-12-03,2011,4,12,December,3,Saturday,True
2011-12-04,2011,4,12,December,4,Sunday,True
2011-12-05,2011,4,12,December,5,Monday,False
2011-12-06,2011,4,12,December,6,Tuesday,False
2011-12-07,2011,4,12,December,7,Wednesday,False
2011-12-08,2011,4,12,December,8,Thursday,False
2011-12-09,2011,4,12,December,9,Friday,False
2011-12-10,2011,4,12,December,10,Saturday,True
2011-12-11,2011,4,12,December,11,Sunday,True
2011-12-12,2011,4,12,December,12,Monday,False
2011-12-13,2011,4,12,December,13,Tuesday,False
2011-12-14,2011,4,12,December,14,Wednesday,False
2011-12-15,2011,4,12,December,15,Thursday,False
2011-12-16,2011,4,12,December,16,Friday,False
2011-12-17,2011,4,12,December,17,Saturday,True
2011-12-19,2011,4,12,December,19,Monday,False
2011-12-20,2011,4,12,December,20,Tuesday,False
2011-12-21,2011,4,12,December,21,Wednesday,False
2011-12-22,2011,4,12,December,22,Thursday,False
2011-12-23,2011,4,12,December,23,Friday,False
2011-12-24,2011,4,12,December,24,Saturday,True
2011-12-25,2011,4,12,December,25,Sunday,True
2011-12-26,2011,4,12,December,26,Monday,False
2011-12-27,2011,4,12,December,27,Tuesday,False
2011-12-28,2011,4,12,December,28,Wednesday,False
2011-12-29,2011,4,12,December,29,Thursday,False
2011-12-30,2011,4,12,December,30,Friday,False
2011-12-31,2011,4,12,December,31,Saturday,True
2012-01-02,2012,1,1,January,2,Monday,False
2012-01-03,2012,1,1,January,3,Tuesday,False
2012-01-04,2012,1,1,January,4,Wednesday,False
2012-01-05,2012,1,1,January,5,Thursday,False
2012-01-06,2012,1,1,January,6,Friday,False
2012-01-07,2012,1,1,January,7,Saturday,True
2012-01-08,2012,1,1,January,8,Sunday,True
2012-01-09,2012,1,1,January,9,Monday,False
2012-01-10,2012,1,1,January,10,Tuesday,False
2012-01-11,2012,1,1,January,11,Wednesday,False
2012-01-12,2012,1,1,January,12,Thursday,False
2012-01-13,2012,1,1,January,13,Friday,False
2012-01-14,2012,1,1,January,14,Saturday,True
2012-01-16,2012,1,1,January,16,Monday,False
2012-01-17,2012,1,1,January,17,Tuesday,False
2012-01-18,2012,1,1,January,18,Wednesday,False
2012-01-19,2012,1,1,January,19,Thursday,False
2012-01-20,2012,1,1,January,20,Friday,False
2012-01-21,2012,1,1,January,21,Saturday,True
2012-01-22,2012,1,1,January,22,Sunday,True
2012-01-23,2012,1,1,January,23,Monday,False
2012-01-24,2012,1,1,January,24,Tuesday,False
2012-01-25,2012,1,1,January,25,Wednesday,False
2012-01-26,2012,1,1,January,26,Thursday,False
2012-01-27,2012,1,1,January,27,Friday,False
2012-01-28,2012,1,1,January,28,Saturday,True
2012-01-29,2012,1,1,January,29,Sunday,True
2012-01-30,2012,1,1,January,30,Monday,False
2012-01-31,2012,1,1,January,31,Tuesday,False
2012-02-01,2012,1,2,February,1,Wednesday,False
2012-02-02,2012,1,2,February,2,Thursday,False
2012-02-03,2012,1,2,February,3,Friday,False
2012-02-04,2012,1,2,February,4,Saturday,True
2012-02-05,2012,1,2,February,5,Sunday,True
2012-02-06,2012,1,2,February,6,Monday,False
2012-02-07,2012,1,2,February,7,Tuesday,False
2012-02-08,2012,1,2,February,8,Wednesday,False
2012-02-09,2012,1,2,February,9,Thursday,False
2012-02-10,2012,1,2,February,10,Friday,False
2012-02-11,2012,1,2,February,11,Saturday,True
2012-02-12,2012,1,2,February,12,Sunday,True
2012-02-13,2012,1,2,February,13,Monday,False
2012-02-14,2012,1,2,February,14,Tuesday,False
2012-02-15,2012,1,2,February,15,Wednesday,False
2012-02-16,2012,1,2,February,16,Thursday,False
2012-02-17,2012,1,2,February,17,Friday,False
2012-02-18,2012,1,2,February,18,Saturday,True
2012-02-19,2012,1,2,February,19,Sunday,True
2012-02-20,2012,1,2,February,20,Monday,False
2012-02-21,2012,1,2,February,21,Tuesday,False
2012-02-22,2012,1,2,February,22,Wednesday,False
2012-02-23,2012,1,2,February,23,Thursday,False
2012-02-24,2012,1,2,February,24,Friday,False
2012-02-25,2012,1,2,February,25,Saturday,True
2012-02-27,2012,1,2,February,27,Monday,False
2012-02-28,2012,1,2,February,28,Tuesday,False
2012-02-29,2012,1,2,February,29,Wednesday,False
2012-03-01,2012,1,3,March,1,Thursday,False
2012-03-02,2012,1,3,March,2,Friday,False
2012-03-03,2012,1,3,March,3,Saturday,True
2012-03-05,2012,1,3,March,5,Monday,False
2012-03-06,2012,1,3,March,6,Tuesday,False
2012-03-07,2012,1,3,March,7,Wednesday,False
2012-03-08,2012,1,3,March,8,Thursday,False
2012-03-09,2012,1,3,March,9,Friday,False
2012-03-10,2012,1,3,March,10,Saturday,True
2012-03-11,2012,1,3,March,11,Sunday,True
2012-03-12,2012,1,3,March,12,Monday,False
2012-03-13,2012,1,3,March,13,Tuesday,False
2012-03-14,2012,1,3,March,14,Wednesday,False
2012-03-15,2012,1,3,March,15,Thursday,False
2012-03-16,2012,1,3,March,16,Friday,False
2012-03-17,2012,1,3,March,17,Saturday,True
2012-03-19,2012,1,3,March,19,Monday,False
2012-03-20,2012,1,3,March,20,Tuesday,False
2012-03-21,2012,1,3,March,21,Wednesday,False
2012-03-22,2012,1,3,March,22,Thursday,False
2012-03-23,2012,1,3,March,23,Friday,False
2012-03-24,2012,1,3,March,24,Saturday,True
2012-03-26,2012,1,3,March,26,Monday,False
2012-03-27,2012,1,3,March,27,Tuesday,False
2012-03-28,2012,1,3,March,28,Wednesday,False
2012-03-29,2012,1,3,March,29,Thursday,False
2012-03-30,2012,1,3,March,30,Friday,False
2012-03-31,2012,1,3,March,31,Saturday,True
2012-04-01,2012,2,4,April,1,Sunday,True
2012-04-02,2012,2,4,April,2,Monday,False
2012-04-03,2012,2,4,April,3,Tuesday,False
2012-04-04,2012,2,4,April,4,Wednesday,False
2012-04-05,2012,2,4,April,5,Thursday,False
2012-04-06,2012,2,4,April,6,Friday,False
2012-04-07,2012,2,4,April,7,Saturday,True
2012-04-09,2012,2,4,April,9,Monday,False
2012-04-10,2012,2,4,April,10,Tuesday,False
2012-04-11,2012,2,4,April,11,Wednesday,False
2012-04-12,2012,2,4,April,12,Thursday,False
2012-04-13,2012,2,4,April,13,Friday,False
2012-04-14,2012,2,4,April,14,Saturday,True
2012-04-15,2012,2,4,April,15,Sunday,True
2012-04-16,2012,2,4,April,16,Monday,False
2012-04-17,2012,2,4,April,17,Tuesday,False
2012-04-18,2012,2,4,April,18,Wednesday,False
2012-04-19,2012,2,4,April,19,Thursday,False
2012-04-20,2012,2,4,April,20,Friday,False
2012-04-21,2012,2,4,April,21,Saturday,True
2012-04-22,2012,2,4,April,22,Sunday,True
2012-04-23,2012,2,4,April,23,Monday,False
2012-04-24,2012,2,4,April,24,Tuesday,False
2012-04-25,2012,2,4,April,25,Wednesday,False
2012-04-26,2012,2,4,April,26,Thursday,False
2012-04-27,2012,2,4,April,27,Friday,False
2012-04-28,2012,2,4,April,28,Saturday,True
2012-04-29,2012,2,4,April,29,Sunday,True
2012-04-30,2012,2,4,April,30,Monday,False
2012-05-01,2012,2,5,May,1,Tuesday,False
2012-05-02,2012,2,5,May,2,Wednesday,False
2012-05-03,2012,2,5,May,3,Thursday,False
2012-05-04,2012,2,5,May,4,Friday,False
2012-05-05,2012,2,5,May,5,Saturday,True
2012-05-06,2012,2,5,May,6,Sunday,True
2012-05-07,2012,2,5,May,7,Monday,False
2012-05-08,2012,2,5,May,8,Tuesday,False
2012-05-09,2012,2,5,May,9,Wednesday,False
2012-05-10,2012,2,5,May,10,Thursday,False
2012-05-11,2012,2,5,May,11,Friday,False
2012-05-12,2012,2,5,May,12,Saturday,True
2012-05-13,2012,2,5,May,13,Sunday,True
2012-05-14,2012,2,5,May,14,Monday,False
2012-05-15,2012,2,5,May,15,Tuesday,False
2012-05-16,2012,2,5,May,16,Wednesday,False
2012-05-17,2012,2,5,May,17,Thursday,False
2012-05-18,2012,2,5,May,18,Friday,False
2012-05-19,2012,2,5,May,19,Saturday,True
2012-05-20,2012,2,5,May,20,Sunday,True
2012-05-21,2012,2,5,May,21,Monday,False
2012-05-22,2012,2,5,May,22,Tuesday,False
2012-05-23,2012,2,5,May,23,Wednesday,False
2012-05-24,2012,2,5,May,24,Thursday,False
2012-05-25,2012,2,5,May,25,Friday,False
2012-05-26,2012,2,5,May,26,Saturday,True
2012-05-27,2012,2,5,May,27,Sunday,True
2012-05-28,2012,2,5,May,28,Monday,False
2012-05-29,2012,2,5,May,29,Tuesday,False
2012-05-30,2012,2,5,May,30,Wednesday,False
2012-05-31,2012,2,5,May,31,Thursday,False
2012-06-01,2012,2,6,June,1,Friday,False
2012-06-02,2012,2,6,June,2,Saturday,True
2012-06-03,2012,2,6,June,3,Sunday,True
2012-06-04,2012,2,6,June,4,Monday,False
2012-06-05,2012,2,6,June,5,Tuesday,False
2012-06-06,2012,2,6,June,6,Wednesday,False
2012-06-07,2012,2,6,June,7,Thursday,False
2012-06-08,2012,2,6,June,8,Friday,False
2012-06-09,2012,2,6,June,9,Saturday,True
2012-06-10,2012,2,6,June,10,Sunday,True
2012-06-11,2012,2,6,June,11,Monday,False
2012-06-12,2012,2,6,June,12,Tuesday,False
2012-06-13,2012,2,6,June,13,Wednesday,False
2012-06-14,2012,2,6,June,14,Thursday,False
2012-06-15,2012,2,6,June,15,Friday,False
2012-06-16,2012,2,6,June,16,Saturday,True
2012-06-17,2012,2,6,June,17,Sunday,True
2012-06-18,2012,2,6,June,18,Monday,False
2012-06-19,2012,2,6,June,19,Tuesday,False
2012-06-20,2012,2,6,June,20,Wednesday,False
2012-06-21,2012,2,6,June,21,Thursday,False
2012-06-22,2012,2,6,June,22,Friday,False
2012-06-23,2012,2,6,June,23,Saturday,True
2012-06-24,2012,2,6,June,24,Sunday,True
2012-06-25,2012,2,6,June,25,Monday,False
2012-06-26,2012,2,6,June,26,Tuesday,False
2012-06-27,2012,2,6,June,27,Wednesday,False
2012-06-28,2012,2,6,June,28,Thursday,False
2012-06-29,2012,2,6,June,29,Friday,False
2012-06-30,2012,2,6,June,30,Saturday,True
2012-07-01,2012,3,7,July,1,Sunday,True
2012-07-02,2012,3,7,July,2,Monday,False
2012-07-03,2012,3,7,July,3,Tuesday,False
2012-07-04,2012,3,7,July,4,Wednesday,False
2012-07-05,2012,3,7,July,5,Thursday,False
2012-07-06,2012,3,7,July,6,Friday,False
2012-07-07,2012,3,7,July,7,Saturday,True
2012-07-08,2012,3,7,July,8,Sunday,True
2012-07-09,2012,3,7,July,9,Monday,False
2012-07-10,2012,3,7,July,10,Tuesday,False
2012-07-11,2012,3,7,July,11,Wednesday,False
2012-07-12,2012,3,7,July,12,Thursday,False
2012-07-13,2012,3,7,July,13,Friday,False
2012-07-14,2012,3,7,July,14,Saturday,True
2012-07-15,2012,3,7,July,15,Sunday,True
2012-07-16,2012,3,7,July,16,Monday,False
2012-07-17,2012,3,7,July,17,Tuesday,False
2012-07-18,2012,3,7,July,18,Wednesday,False
2012-07-19,2012,3,7,July,19,Thursday,False
2012-07-20,2012,3,7,July,20,Friday,False
2012-07-21,2012,3,7,July,21,Saturday,True
2012-07-23,2012,3,7,July,23,Monday,False
2012-07-24,2012,3,7,July,24,Tuesday,False
2012-07-25,2012,3,7,July,25,Wednesday,False
2012-07-26,2012,3,7,July,26,Thursday,False
2012-07-27,2012,3,7,July,27,Friday,False
2012-07-28,2012,3,7,July,28,Saturday,True
2012-07-29,2012,3,7,July,29,Sunday,True
2012-07-30,2012,3,7,July,30,Monday,False
2012-07-31,2012,3,7,July,31,Tuesday,False
2012-08-01,2012,3,8,August,1,Wednesday,False
2012-08-02,2012,3,8,August,2,Thursday,False
2012-08-03,2012,3,8,August,3,Friday,False
2012-08-04,2012,3,8,August,4,Saturday,True
2012-08-05,2012,3,8,August,5,Sunday,True
2012-08-06,2012,3,8,August,6,Monday,False
2012-08-07,2012,3,8,August,7,Tuesday,False
2012-08-08,2012,3,8,August,8,Wednesday,False
2012-08-09,2012,3,8,August,9,Thursday,False
2012-08-10,2012,3,8,August,10,Friday,False
2012-08-11,2012,3,8,August,11,Saturday,True
2012-08-12,2012,3,8,August,12,Sunday,True
2012-08-13,2012,3,8,August,13,Monday,False
2012-08-14,2012,3,8,August,14,Tuesday,False
2012-08-15,2012,3,8,August,15,Wednesday,False
2012-08-16,2012,3,8,August,16,Thursday,False
2012-08-17,2012,3,8,August,17,Friday,False
2012-08-18,2012,3,8,August,18,Saturday,True
2012-08-19,2012,3,8,August,19,Sunday,True
2012-08-20,2012,3,8,August,20,Monday,False
2012-08-21,2012,3,8,August,21,Tuesday,False
2012-08-22,2012,3,8,August,22,Wednesday,False
2012-08-23,2012,3,8,August,23,Thursday,False
2012-08-24,2012,3,8,August,24,Friday,False
2012-08-25,2012,3,8,August,25,Saturday,True
2012-08-26,2012,3,8,August,26,Sunday,True
2012-08-27,2012,3,8,August,27,Monday,False
2012-08-28,2012,3,8,August,28,Tuesday,False
2012-08-29,2012,3,8,August,29,Wednesday,False
2012-08-30,2012,3,8,August,30,Thursday,False
2012-08-31,2012,3,8,August,31,Friday,False
2012-09-01,2012,3,9,September,1,Saturday,True
2012-09-02,2012,3,9,September,2,Sunday,True
2012-09-03,2012,3,9,September,3,Monday,False
2012-09-04,2012,3,9,September,4,Tuesday,False
2012-09-05,2012,3,9,September,5,Wednesday,False
2012-09-06,2012,3,9,September,6,Thursday,False
2012-09-07,2012,3,9,September,7,Friday,False
2012-09-08,2012,3,9,September,8,Saturday,True
2012-09-09,2012,3,9,September,9,Sunday,True
2012-09-10,2012,3,9,September,10,Monday,False
2012-09-11,2012,3,9,September,11,Tuesday,False
2012-09-12,2012,3,9,September,12,Wednesday,False
2012-09-13,2012,3,9,September,13,Thursday,False
2012-09-14,2012,3,9,September,14,Friday,False
2012-09-15,2012,3,9,September,15,Saturday,True
2012-09-16,2012,3,9,September,16,Sunday,True
2012-09-17,2012,3,9,September,17,Monday,False
2012-09-18,2012,3,9,September,18,Tuesday,False
2012-09-19,2012,3,9,September,19,Wednesday,False
2012-09-20,2012,3,9,September,20,Thursday,False
2012-09-21,2012,3,9,September,21,Friday,False
2012-09-22,2012,3,9,September,22,Saturday,True
2012-09-23,2012,3,9,September,23,Sunday,True
2012-09-24,2012,3,9,September,24,Monday,False
2012-09-25,2012,3,9,September,25,Tuesday,False
2012-09-26,2012,3,9,September,26,Wednesday,False
2012-09-27,2012,3,9,September,27,Thursday,False
2012-09-28,2012,3,9,September,28,Friday,False
2012-09-29,2012,3,9,September,29,Saturday,True
2012-09-30,2012,3,9,September,30,Sunday,True
2012-10-01,2012,4,10,October,1,Monday,False
2012-10-02,2012,4,10,October,2,Tuesday,False
2012-10-03,2012,4,10,October,3,Wednesday,False
2012-10-04,2012,4,10,October,4,Thursday,False
2012-10-05,2012,4,10,October,5,Friday,False
2012-10-06,2012,4,10,October,6,Saturday,True
2012-10-07,2012,4,10,October,7,Sunday,True
2012-10-08,2012,4,10,October,8,Monday,False
2012-10-09,2012,4,10,October,9,Tuesday,False
2012-10-10,2012,4,10,October,10,Wednesday,False
2012-10-11,2012,4,10,October,11,Thursday,False
2012-10-12,2012,4,10,October,12,Friday,False
2012-10-13,2012,4,10,October,13,Saturday,True
2012-10-14,2012,4,10,October,14,Sunday,True
2012-10-15,2012,4,10,October,15,Monday,False
2012-10-16,2012,4,10,October,16,Tuesday,False
2012-10-17,2012,4,10,October,17,Wednesday,False
2012-10-18,2012,4,10,October,18,Thursday,False
2012-10-19,2012,4,10,October,19,Friday,False
2012-10-20,2012,4,10,October,20,Saturday,True
2012-10-21,2012,4,10,October,21,Sunday,True
2012-10-22,2012,4,10,October,22,Monday,False
2012-10-23,2012,4,10,October,23,Tuesday,False
2012-10-24,2012,4,10,October,24,Wednesday,False
2012-10-25,2012,4,10,October,25,Thursday,False
2012-10-26,2012,4,10,October,26,Friday,False
2012-10-27,2012,4,10,October,27,Saturday,True
2012-10-28,2012,4,10,October,28,Sunday,True
2012-10-29,2012,4,10,October,29,Monday,False
2012-10-30,2012,4,10,October,30,Tuesday,False
2012-10-31,2012,4,10,October,31,Wednesday,False
2012-11-01,2012,4,11,November,1,Thursday,False
2012-11-02,2012,4,11,November,2,Friday,False
2012-11-03,2012,4,11,November,3,Saturday,True
2012-11-04,2012,4,11,November,4,Sunday,True
2012-11-05,2012,4,11,November,5,Monday,False
2012-11-06,2012,4,11,November,6,Tuesday,False
2012-11-07,2012,4,11,November,7,Wednesday,False
2012-11-08,2012,4,11,November,8,Thursday,False
2012-11-09,2012,4,11,November,9,Friday,False
2012-11-10,2012,4,11,November,10,Saturday,True
2012-11-11,2012,4,11,November,11,Sunday,True
2012-11-12,2012,4,11,November,12,Monday,False
2012-11-13,2012,4,11,November,13,Tuesday,False
2012-11-14,2012,4,11,November,14,Wednesday,False
2012-11-15,2012,4,11,November,15,Thursday,False
2012-11-16,2012,4,11,November,16,Friday,False
2012-11-17,2012,4,11,November,17,Saturday,True
2012-11-18,2012,4,11,November,18,Sunday,True
2012-11-19,2012,4,11,November,19,Monday,False
2012-11-20,2012,4,11,November,20,Tuesday,False
2012-11-21,2012,4,11,November,21,Wednesday,False
2012-11-22,2012,4,11,November,22,Thursday,False
2012-11-23,2012,4,11,November,23,Friday,False
2012-11-24,2012,4,11,November,24,Saturday,True
2012-11-25,2012,4,11,November,25,Sunday,True
2012-11-26,2012,4,11,November,26,Monday,False
2012-11-27,2012,4,11,November,27,Tuesday,False
2012-11-28,2012,4,11,November,28,Wednesday,False
2012-11-29,2012,4,11,November,29,Thursday,False
2012-11-30,2012,4,11,November,30,Friday,False
2012-12-01,2012,4,12,December,1,Saturday,True
2012-12-02,2012,4,12,December,2,Sunday,True
2012-12-03,2012,4,12,December,3,Monday,False
2012-12-04,2012,4,12,December,4,Tuesday,False
2012-12-05,2012,4,12,December,5,Wednesday,False
2012-12-06,2012,4,12,December,6,Thursday,False
2012-12-07,2012,4,12,December,7,Friday,False
2012-12-08,2012,4,12,December,8,Saturday,True
2012-12-09,2012,4,12,December,9,Sunday,True
2012-12-10,2012,4,12,December,10,Monday,False
2012-12-11,2012,4,12,December,11,Tuesday,False
2012-12-12,2012,4,12,December,12,Wednesday,False
2012-12-13,2012,4,12,December,13,Thursday,False
2012-12-14,2012,4,12,December,14,Friday,False
2012-12-15,2012,4,12,December,15,Saturday,True
2012-12-16,2012,4,12,December,16,Sunday,True
2012-12-17,2012,4,12,December,17,Monday,False
2012-12-18,2012,4,12,December,18,Tuesday,False
2012-12-19,2012,4,12,December,19,Wednesday,False
2012-12-20,2012,4,12,December,20,Thursday,False
2012-12-21,2012,4,12,December,21,Friday,False
2012-12-22,2012,4,12,December,22,Saturday,True
2012-12-23,2012,4,12,December,23,Sunday,True
2012-12-24,2012,4,12,December,24,Monday,False
2012-12-25,2012,4,12,December,25,Tuesday,False
2012-12-26,2012,4,12,December,26,Wednesday,False
2012-12-27,2012,4,12,December,27,Thursday,False
2012-12-28,2012,4,12,December,28,Friday,False
2012-12-29,2012,4,12,December,29,Saturday,True
2012-12-30,2012,4,12,December,30,Sunday,True
2012-12-31,2012,4,12,December,31,Monday,False
2013-01-01,2013,1,1,January,1,Tuesday,False
2013-01-02,2013,1,1,January,2,Wednesday,False
2013-01-03,2013,1,1,January,3,Thursday,False
2013-01-04,2013,1,1,January,4,Friday,False
2013-01-05,2013,1,1,January,5,Saturday,True
2013-01-06,2013,1,1,January,6,Sunday,True
2013-01-07,2013,1,1,January,7,Monday,False
2013-01-08,2013,1,1,January,8,Tuesday,False
2013-01-09,2013,1,1,January,9,Wednesday,False
2013-01-10,2013,1,1,January,10,Thursday,False
2013-01-11,2013,1,1,January,11,Friday,False
2013-01-12,2013,1,1,January,12,Saturday,True
2013-01-13,2013,1,1,January,13,Sunday,True
2013-01-14,2013,1,1,January,14,Monday,False
2013-01-15,2013,1,1,January,15,Tuesday,False
2013-01-16,2013,1,1,January,16,Wednesday,False
2013-01-17,2013,1,1,January,17,Thursday,False
2013-01-18,2013,1,1,January,18,Friday,False
2013-01-19,2013,1,1,January,19,Saturday,True
2013-01-20,2013,1,1,January,20,Sunday,True
2013-01-21,2013,1,1,January,21,Monday,False
2013-01-22,2013,1,1,January,22,Tuesday,False
2013-01-23,2013,1,1,January,23,Wednesday,False
2013-01-24,2013,1,1,January,24,Thursday,False
2013-01-25,2013,1,1,January,25,Friday,False
2013-01-26,2013,1,1,January,26,Saturday,True
2013-01-27,2013,1,1,January,27,Sunday,True
2013-01-28,2013,1,1,January,28,Monday,False
2013-01-29,2013,1,1,January,29,Tuesday,False
2013-01-30,2013,1,1,January,30,Wednesday,False
2013-01-31,2013,1,1,January,31,Thursday,False
2013-02-01,2013,1,2,February,1,Friday,False
2013-02-02,2013,1,2,February,2,Saturday,True
2013-02-03,2013,1,2,February,3,Sunday,True
2013-02-04,2013,1,2,February,4,Monday,False
2013-02-05,2013,1,2,February,5,Tuesday,False
2013-02-06,2013,1,2,February,6,Wednesday,False
2013-02-07,2013,1,2,February,7,Thursday,False
2013-02-08,2013,1,2,February,8,Friday,False
2013-02-09,2013,1,2,February,9,Saturday,True
2013-02-10,2013,1,2,February,10,Sunday,True
2013-02-11,2013,1,2,February,11,Monday,False
2013-02-12,2013,1,2,February,12,Tuesday,False
2013-02-13,2013,1,2,February,13,Wednesday,False
2013-02-14,2013,1,2,February,14,Thursday,False
2013-02-15,2013,1,2,February,15,Friday,False
2013-02-16,2013,1,2,February,16,Saturday,True
2013-02-18,2013,1,2,February,18,Monday,False
2013-02-19,2013,1,2,February,19,Tuesday,False
2013-02-20,2013,1,2,February,20,Wednesday,False
2013-02-21,2013,1,2,February,21,Thursday,False
2013-02-22,2013,1,2,February,22,Friday,False
2013-02-23,2013,1,2,February,23,Saturday,True
2013-02-25,2013,1,2,February,25,Monday,False
2013-02-26,2013,1,2,February,26,Tuesday,False
2013-02-27,2013,1,2,February,27,Wednesday,False
2013-02-28,2013,1,2,February,28,Thursday,False
2013-03-01,2013,1,3,March,1,Friday,False
2013-03-02,2013,1,3,March,2,Saturday,True
2013-03-03,2013,1,3,March,3,Sunday,True
2013-03-04,2013,1,3,March,4,Monday,False
2013-03-05,2013,1,3,March,5,Tuesday,False
2013-03-06,2013,1,3,March,6,Wednesday,False
2013-03-07,2013,1,3,March,7,Thursday,False
2013-03-08,2013,1,3,March,8,Friday,False
2013-03-09,2013,1,3,March,9,Saturday,True
2013-03-10,2013,1,3,March,10,Sunday,True
2013-03-11,2013,1,3,March,11,Monday,False
2013-03-12,2013,1,3,March,12,Tuesday,False
2013-03-13,2013,1,3,March,13,Wednesday,False
2013-03-14,2013,1,3,March,14,Thursday,False
2013-03-15,2013,1,3,March,15,Friday,False
2013-03-16,2013,1,3,March,16,Saturday,True
2013-03-17,2013,1,3,March,17,Sunday,True
2013-03-18,2013,1,3,March,18,Monday,False
2013-03-19,2013,1,3,March,19,Tuesday,False
2013-03-20,2013,1,3,March,20,Wednesday,False
2013-03-21,2013,1,3,March,21,Thursday,False
2013-03-22,2013,1,3,March,22,Friday,False
2013-03-23,2013,1,3,March,23,Saturday,True
2013-03-24,2013,1,3,March,24,Sunday,True
2013-03-25,2013,1,3,March,25,Monday,False
2013-03-26,2013,1,3,March,26,Tuesday,False
2013-03-27,2013,1,3,March,27,Wednesday,False
2013-03-28,2013,1,3,March,28,Thursday,False
2013-03-29,2013,1,3,March,29,Friday,False
2013-03-30,2013,1,3,March,30,Saturday,True
2013-03-31,2013,1,3,March,31,Sunday,True
2013-04-01,2013,2,4,April,1,Monday,False
2013-04-02,2013,2,4,April,2,Tuesday,False
2013-04-03,2013,2,4,April,3,Wednesday,False
2013-04-04,2013,2,4,April,4,Thursday,False
2013-04-05,2013,2,4,April,5,Friday,False
2013-04-06,2013,2,4,April,6,Saturday,True
2013-04-07,2013,2,4,April,7,Sunday,True
2013-04-08,2013,2,4,April,8,Monday,False
2013-04-09,2013,2,4,April,9,Tuesday,False
2013-04-10,2013,2,4,April,10,Wednesday,False
2013-04-11,2013,2,4,April,11,Thursday,False
2013-04-12,2013,2,4,April,12,Friday,False
2013-04-13,2013,2,4,April,13,Saturday,True
2013-04-14,2013,2,4,April,14,Sunday,True
2013-04-15,2013,2,4,April,15,Monday,False
2013-04-16,2013,2,4,April,16,Tuesday,False
2013-04-17,2013,2,4,April,17,Wednesday,False
2013-04-18,2013,2,4,April,18,Thursday,False
2013-04-19,2013,2,4,April,19,Friday,False
2013-04-20,2013,2,4,April,20,Saturday,True
2013-04-22,2013,2,4,April,22,Monday,False
2013-04-23,2013,2,4,April,23,Tuesday,False
2013-04-24,2013,2,4,April,24,Wednesday,False
2013-04-25,2013,2,4,April,25,Thursday,False
2013-04-26,2013,2,4,April,26,Friday,False
2013-04-27,2013,2,4,April,27,Saturday,True
2013-04-29,2013,2,4,April,29,Monday,False
2013-04-30,2013,2,4,April,30,Tuesday,False
2013-05-01,2013,2,5,May,1,Wednesday,False
2013-05-02,2013,2,5,May,2,Thursday,False
2013-05-03,2013,2,5,May,3,Friday,False
2013-05-04,2013,2,5,May,4,Saturday,True
2013-05-05,2013,2,5,May,5,Sunday,True
2013-05-06,2013,2,5,May,6,Monday,False
2013-05-07,2013,2,5,May,7,Tuesday,False
2013-05-08,2013,2,5,May,8,Wednesday,False
2013-05-09,2013,2,5,May,9,Thursday,False
2013-05-10,2013,2,5,May,10,Friday,False
2013-05-11,2013,2,5,May,11,Saturday,True
2013-05-12,2013,2,5,May,12,Sunday,True
2013-05-13,2013,2,5,May,13,Monday,False
2013-05-14,2013,2,5,May,14,Tuesday,False
2013-05-15,2013,2,5,May,15,Wednesday,False
2013-05-16,2013,2,5,May,16,Thursday,False
2013-05-17,2013,2,5,May,17,Friday,False
2013-05-18,2013,2,5,May,18,Saturday,True
2013-05-19,2013,2,5,May,19,Sunday,True
2013-05-20,2013,2,5,May,20,Monday,False
2013-05-21,2013,2,5,May,21,Tuesday,False
2013-05-22,2013,2,5,May,22,Wednesday,False
2013-05-23,2013,2,5,May,23,Thursday,False
2013-05-24,2013,2,5,May,24,Friday,False
2013-05-25,2013,2,5,May,25,Saturday,True
2013-05-26,2013,2,5,May,26,Sunday,True
2013-05-27,2013,2,5,May,27,Monday,False
2013-05-28,2013,2,5,May,28,Tuesday,False
2013-05-29,2013,2,5,May,29,Wednesday,False
2013-05-30,2013,2,5,May,30,Thursday,False
2013-05-31,2013,2,5,May,31,Friday,False
2013-06-01,2013,2,6,June,1,Saturday,True
2013-06-02,2013,2,6,June,2,Sunday,True
2013-06-03,2013,2,6,June,3,Monday,False
2013-06-04,2013,2,6,June,4,Tuesday,False
2013-06-05,2013,2,6,June,5,Wednesday,False
2013-06-06,2013,2,6,June,6,Thursday,False
2013-06-07,2013,2,6,June,7,Friday,False
2013-06-08,2013,2,6,June,8,Saturday,True
2013-06-09,2013,2,6,June,9,Sunday,True
2013-06-10,2013,2,6,June,10,Monday,False
2013-06-11,2013,2,6,June,11,Tuesday,False
2013-06-12,2013,2,6,June,12,Wednesday,False
2013-06-13,2013,2,6,June,13,Thursday,False
2013-06-14,2013,2,6,June,14,Friday,False
2013-06-15,2013,2,6,June,15,Saturday,True
2013-06-16,2013,2,6,June,16,Sunday,True
2013-06-17,2013,2,6,June,17,Monday,False
2013-06-18,2013,2,6,June,18,Tuesday,False
2013-06-19,2013,2,6,June,19,Wednesday,False
2013-06-20,2013,2,6,June,20,Thursday,False
2013-06-21,2013,2,6,June,21,Friday,False
2013-06-22,2013,2,6,June,22,Saturday,True
2013-06-23,2013,2,6,June,23,Sunday,True
2013-06-24,2013,2,6,June,24,Monday,False
2013-06-25,2013,2,6,June,25,Tuesday,False
2013-06-26,2013,2,6,June,26,Wednesday,False
2013-06-27,2013,2,6,June,27,Thursday,False
2013-06-28,2013,2,6,June,28,Friday,False
2013-06-29,2013,2,6,June,29,Saturday,True
2013-06-30,2013,2,6,June,30,Sunday,True
2013-07-01,2013,3,7,July,1,Monday,False
2013-07-02,2013,3,7,July,2,Tuesday,False
2013-07-03,2013,3,7,July,3,Wednesday,False
2013-07-04,2013,3,7,July,4,Thursday,False
2013-07-05,2013,3,7,July,5,Friday,False
2013-07-06,2013,3,7,July,6,Saturday,True
2013-07-07,2013,3,7,July,7,Sunday,True
2013-07-08,2013,3,7,July,8,Monday,False
2013-07-09,2013,3,7,July,9,Tuesday,False
2013-07-10,2013,3,7,July,10,Wednesday,False
2013-07-11,2013,3,7,July,11,Thursday,False
2013-07-12,2013,3,7,July,12,Friday,False
2013-07-13,2013,3,7,July,13,Saturday,True
2013-07-14,2013,3,7,July,14,Sunday,True
2013-07-15,2013,3,7,July,15,Monday,False
2013-07-16,2013,3,7,July,16,Tuesday,False
2013-07-17,2013,3,7,July,17,Wednesday,False
2013-07-18,2013,3,7,July,18,Thursday,False
2013-07-19,2013,3,7,July,19,Friday,False
2013-07-20,2013,3,7,July,20,Saturday,True
2013-07-21,2013,3,7,July,21,Sunday,True
2013-07-22,2013,3,7,July,22,Monday,False
2013-07-23,2013,3,7,July,23,Tuesday,False
2013-07-24,2013,3,7,July,24,Wednesday,False
2013-07-25,2013,3,7,July,25,Thursday,False
2013-07-26,2013,3,7,July,26,Friday,False
2013-07-27,2013,3,7,July,27,Saturday,True
2013-07-28,2013,3,7,July,28,Sunday,True
2013-07-29,2013,3,7,July,29,Monday,False
2013-07-30,2013,3,7,July,30,Tuesday,False
2013-07-31,2013,3,7,July,31,Wednesday,False
2013-08-01,2013,3,8,August,1,Thursday,False
2013-08-02,2013,3,8,August,2,Friday,False
2013-08-03,2013,3,8,August,3,Saturday,True
2013-08-04,2013,3,8,August,4,Sunday,True
2013-08-05,2013,3,8,August,5,Monday,False
2013-08-06,2013,3,8,August,6,Tuesday,False
2013-08-07,2013,3,8,August,7,Wednesday,False
2013-08-08,2013,3,8,August,8,Thursday,False
2013-08-09,2013,3,8,August,9,Friday,False
2013-08-10,2013,3,8,August,10,Saturday,True
2013-08-11,2013,3,8,August,11,Sunday,True
2013-08-12,2013,3,8,August,12,Monday,False
2013-08-13,2013,3,8,August,13,Tuesday,False
2013-08-14,2013,3,8,August,14,Wednesday,False
2013-08-15,2013,3,8,August,15,Thursday,False
2013-08-16,2013,3,8,August,16,Friday,False
2013-08-17,2013,3,8,August,17,Saturday,True
2013-08-18,2013,3,8,August,18,Sunday,True
2013-08-19,2013,3,8,August,19,Monday,False
2013-08-20,2013,3,8,August,20,Tuesday,False
2013-08-21,2013,3,8,August,21,Wednesday,False
2013-08-22,2013,3,8,August,22,Thursday,False
2013-08-23,2013,3,8,August,23,Friday,False
2013-08-24,2013,3,8,August,24,Saturday,True
2013-08-25,2013,3,8,August,25,Sunday,True
2013-08-26,2013,3,8,August,26,Monday,False
2013-08-27,2013,3,8,August,27,Tuesday,False
2013-08-28,2013,3,8,August,28,Wednesday,False
2013-08-29,2013,3,8,August,29,Thursday,False
2013-08-30,2013,3,8,August,30,Friday,False
2013-08-31,2013,3,8,August,31,Saturday,True
2013-09-01,2013,3,9,September,1,Sunday,True
2013-09-02,2013,3,9,September,2,Monday,False
2013-09-03,2013,3,9,September,3,Tuesday,False
2013-09-04,2013,3,9,September,4,Wednesday,False
2013-09-05,2013,3,9,September,5,Thursday,False
2013-09-06,2013,3,9,September,6,Friday,False
2013-09-07,2013,3,9,September,7,Saturday,True
2013-09-08,2013,3,9,September,8,Sunday,True
2013-09-09,2013,3,9,September,9,Monday,False
2013-09-10,2013,3,9,September,10,Tuesday,False
2013-09-11,2013,3,9,September,11,Wednesday,False
2013-09-12,2013,3,9,September,12,Thursday,False
2013-09-13,2013,3,9,September,13,Friday,False
2013-09-14,2013,3,9,September,14,Saturday,True
2013-09-15,2013,3,9,September,15,Sunday,True
2013-09-16,2013,3,9,September,16,Monday,False
2013-09-17,2013,3,9,September,17,Tuesday,False
2013-09-18,2013,3,9,September,18,Wednesday,False
2013-09-19,2013,3,9,September,19,Thursday,False
2013-09-20,2013,3,9,September,20,Friday,False
2013-09-21,2013,3,9,September,21,Saturday,True
2013-09-22,2013,3,9,September,22,Sunday,True
2013-09-23,2013,3,9,September,23,Monday,False
2013-09-24,2013,3,9,September,24,Tuesday,False
2013-09-25,2013,3,9,September,25,Wednesday,False
2013-09-26,2013,3,9,September,26,Thursday,False
2013-09-27,2013,3,9,September,27,Friday,False
2013-09-28,2013,3,9,September,28,Saturday,True
2013-09-29,2013,3,9,September,29,Sunday,True
2013-09-30,2013,3,9,September,30,Monday,False
2013-10-01,2013,4,10,October,1,Tuesday,False
2013-10-02,2013,4,10,October,2,Wednesday,False
2013-10-03,2013,4,10,October,3,Thursday,False
2013-10-04,2013,4,10,October,4,Friday,False
2013-10-05,2013,4,10,October,5,Saturday,True
2013-10-06,2013,4,10,October,6,Sunday,True
2013-10-07,2013,4,10,October,7,Monday,False
2013-10-08,2013,4,10,October,8,Tuesday,False
2013-10-09,2013,4,10,October,9,Wednesday,False
2013-10-10,2013,4,10,October,10,Thursday,False
2013-10-11,2013,4,10,October,11,Friday,False
2013-10-12,2013,4,10,October,12,Saturday,True
2013-10-13,2013,4,10,October,13,Sunday,True
2013-10-14,2013,4,10,October,14,Monday,False
2013-10-15,2013,4,10,October,15,Tuesday,False
2013-10-16,2013,4,10,October,16,Wednesday,False
2013-10-17,2013,4,10,October,17,Thursday,False
2013-10-18,2013,4,10,October,18,Friday,False
2013-10-19,2013,4,10,October,19,Saturday,True
2013-10-20,2013,4,10,October,20,Sunday,True
2013-10-21,2013,4,10,October,21,Monday,False
2013-10-22,2013,4,10,October,22,Tuesday,False
2013-10-23,2013,4,10,October,23,Wednesday,False
2013-10-24,2013,4,10,October,24,Thursday,False
2013-10-25,2013,4,10,October,25,Friday,False
2013-10-26,2013,4,10,October,26,Saturday,True
2013-10-27,2013,4,10,October,27,Sunday,True
2013-10-28,2013,4,10,October,28,Monday,False
2013-10-29,2013,4,10,October,29,Tuesday,False
2013-10-30,2013,4,10,October,30,Wednesday,False
2013-10-31,2013,4,10,October,31,Thursday,False
2013-11-01,2013,4,11,November,1,Friday,False
2013-11-02,2013,4,11,November,2,Saturday,True
2013-11-04,2013,4,11,November,4,Monday,False
2013-11-05,2013,4,11,November,5,Tuesday,False
2013-11-06,2013,4,11,November,6,Wednesday,False
2013-11-07,2013,4,11,November,7,Thursday,False
2013-11-08,2013,4,11,November,8,Friday,False
2013-11-09,2013,4,11,November,9,Saturday,True
2013-11-10,2013,4,11,November,10,Sunday,True
2013-11-11,2013,4,11,November,11,Monday,False
2013-11-12,2013,4,11,November,12,Tuesday,False
2013-11-13,2013,4,11,November,13,Wednesday,False
2013-11-14,2013,4,11,November,14,Thursday,False
2013-11-15,2013,4,11,November,15,Friday,False
2013-11-16,2013,4,11,November,16,Saturday,True
2013-11-17,2013,4,11,November,17,Sunday,True
2013-11-18,2013,4,11,November,18,Monday,False
2013-11-19,2013,4,11,November,19,Tuesday,False
2013-11-20,2013,4,11,November,20,Wednesday,False
2013-11-21,2013,4,11,November,21,Thursday,False
2013-11-22,2013,4,11,November,22,Friday,False
2013-11-23,2013,4,11,November,23,Saturday,True
2013-11-24,2013,4,11,November,24,Sunday,True
2013-11-25,2013,4,11,November,25,Monday,False
2013-11-26,2013,4,11,November,26,Tuesday,False
2013-11-27,2013,4,11,November,27,Wednesday,False
2013-11-28,2013,4,11,November,28,Thursday,False
2013-11-29,2013,4,11,November,29,Friday,False
2013-11-30,2013,4,11,November,30,Saturday,True
2013-12-01,2013,4,12,December,1,Sunday,True
2013-12-02,2013,4,12,December,2,Monday,False
2013-12-03,2013,4,12,December,3,Tuesday,False
2013-12-04,2013,4,12,December,4,Wednesday,False
2013-12-05,2013,4,12,December,5,Thursday,False
2013-12-06,2013,4,12,December,6,Friday,False
2013-12-07,2013,4,12,December,7,Saturday,True
2013-12-08,2013,4,12,December,8,Sunday,True
2013-12-09,2013,4,12,December,9,Monday,False
2013-12-10,2013,4,12,December,10,Tuesday,False
2013-12-11,2013,4,12,December,11,Wednesday,False
2013-12-12,2013,4,12,December,12,Thursday,False
2013-12-13,2013,4,12,December,13,Friday,False
2013-12-14,2013,4,12,December,14,Saturday,True
2013-12-15,2013,4,12,December,15,Sunday,True
2013-12-16,2013,4,12,December,16,Monday,False
2013-12-17,2013,4,12,December,17,Tuesday,False
2013-12-18,2013,4,12,December,18,Wednesday,False
2013-12-19,2013,4,12,December,19,Thursday,False
2013-12-20,2013,4,12,December,20,Friday,False
2013-12-21,2013,4,12,December,21,Saturday,True
2013-12-22,2013,4,12,December,22,Sunday,True
2013-12-23,2013,4,12,December,23,Monday,False
2013-12-24,2013,4,12,December,24,Tuesday,False
2013-12-25,2013,4,12,December,25,Wednesday,False
2013-12-26,2013,4,12,December,26,Thursday,False
2013-12-27,2013,4,12,December,27,Friday,False
2013-12-28,2013,4,12,December,28,Saturday,True
2013-12-29,2013,4,12,December,29,Sunday,True
2013-12-30,2013,4,12,December,30,Monday,False
2013-12-31,2013,4,12,December,31,Tuesday,False
2014-01-01,2014,1,1,January,1,Wednesday,False
2014-01-02,2014,1,1,January,2,Thursday,False
2014-01-03,2014,1,1,January,3,Friday,False
2014-01-04,2014,1,1,January,4,Saturday,True
2014-01-05,2014,1,1,January,5,Sunday,True
2014-01-06,2014,1,1,January,6,Monday,False
2014-01-07,2014,1,1,January,7,Tuesday,False
2014-01-08,2014,1,1,January,8,Wednesday,False
2014-01-09,2014,1,1,January,9,Thursday,False
2014-01-10,2014,1,1,January,10,Friday,False
2014-01-11,2014,1,1,January,11,Saturday,True
2014-01-12,2014,1,1,January,12,Sunday,True
2014-01-13,2014,1,1,January,13,Monday,False
2014-01-14,2014,1,1,January,14,Tuesday,False
2014-01-15,2014,1,1,January,15,Wednesday,False
2014-01-16,2014,1,1,January,16,Thursday,False
2014-01-17,2014,1,1,January,17,Friday,False
2014-01-18,2014,1,1,January,18,Saturday,True
2014-01-19,2014,1,1,January,19,Sunday,True
2014-01-20,2014,1,1,January,20,Monday,False
2014-01-21,2014,1,1,January,21,Tuesday,False
2014-01-22,2014,1,1,January,22,Wednesday,False
2014-01-23,2014,1,1,January,23,Thursday,False
2014-01-24,2014,1,1,January,24,Friday,False
2014-01-25,2014,1,1,January,25,Saturday,True
2014-01-26,2014,1,1,January,26,Sunday,True
2014-01-27,2014,1,1,January,27,Monday,False
2014-01-28,2014,1,1,January,28,Tuesday,False
2014-01-29,2014,1,1,January,29,Wednesday,False
2014-01-30,2014,1,1,January,30,Thursday,False
2014-01-31,2014,1,1,January,31,Friday,False
2014-02-01,2014,1,2,February,1,Saturday,True
2014-02-03,2014,1,2,February,3,Monday,False
2014-02-04,2014,1,2,February,4,Tuesday,False
2014-02-05,2014,1,2,February,5,Wednesday,False
2014-02-06,2014,1,2,February,6,Thursday,False
2014-02-07,2014,1,2,February,7,Friday,False
2014-02-08,2014,1,2,February,8,Saturday,True
2014-02-09,2014,1,2,February,9,Sunday,True
2014-02-10,2014,1,2,February,10,Monday,False
2014-02-11,2014,1,2,February,11,Tuesday,False
2014-02-12,2014,1,2,February,12,Wednesday,False
2014-02-13,2014,1,2,February,13,Thursday,False
2014-02-14,2014,1,2,February,14,Friday,False
2014-02-15,2014,1,2,February,15,Saturday,True
2014-02-16,2014,1,2,February,16,Sunday,True
2014-02-17,2014,1,2,February,17,Monday,False
2014-02-18,2014,1,2,February,18,Tuesday,False
2014-02-19,2014,1,2,February,19,Wednesday,False
2014-02-20,2014,1,2,February,20,Thursday,False
2014-02-21,2014,1,2,February,21,Friday,False
2014-02-22,2014,1,2,February,22,Saturday,True
2014-02-23,2014,1,2,February,23,Sunday,True
2014-02-24,2014,1,2,February,24,Monday,False
2014-02-25,2014,1,2,February,25,Tuesday,False
2014-02-26,2014,1,2,February,26,Wednesday,False
2014-02-27,2014,1,2,February,27,Thursday,False
2014-02-28,2014,1,2,February,28,Friday,False
2014-03-01,2014,1,3,March,1,Saturday,True
2014-03-02,2014,1,3,March,2,Sunday,True
2014-03-03,2014,1,3,March,3,Monday,False
2014-03-04,2014,1,3,March,4,Tuesday,False
2014-03-05,2014,1,3,March,5,Wednesday,False
2014-03-06,2014,1,3,March,6,Thursday,False
2014-03-07,2014,1,3,March,7,Friday,False
2014-03-08,2014,1,3,March,8,Saturday,True
2014-03-09,2014,1,3,March,9,Sunday,True
2014-03-10,2014,1,3,March,10,Monday,False
2014-03-11,2014,1,3,March,11,Tuesday,False
2014-03-12,2014,1,3,March,12,Wednesday,False
2014-03-13,2014,1,3,March,13,Thursday,False
2014-03-14,2014,1,3,March,14,Friday,False
2014-03-15,2014,1,3,March,15,Saturday,True
2014-03-16,2014,1,3,March,16,Sunday,True
2014-03-17,2014,1,3,March,17,Monday,False
2014-03-18,2014,1,3,March,18,Tuesday,False
2014-03-19,2014,1,3,March,19,Wednesday,False
2014-03-20,2014,1,3,March,20,Thursday,False
2014-03-21,2014,1,3,March,21,Friday,False
2014-03-22,2014,1,3,March,22,Saturday,True
2014-03-23,2014,1,3,March,23,Sunday,True
2014-03-24,2014,1,3,March,24,Monday,False
2014-03-25,2014,1,3,March,25,Tuesday,False
2014-03-26,2014,1,3,March,26,Wednesday,False
2014-03-27,2014,1,3,March,27,Thursday,False
2014-03-28,2014,1,3,March,28,Friday,False
2014-03-29,2014,1,3,March,29,Saturday,True
2014-03-30,2014,1,3,March,30,Sunday,True
2014-03-31,2014,1,3,March,31,Monday,False
2014-04-01,2014,2,4,April,1,Tuesday,False
2014-04-02,2014,2,4,April,2,Wednesday,False
2014-04-03,2014,2,4,April,3,Thursday,False
2014-04-04,2014,2,4,April,4,Friday,False
2014-04-05,2014,2,4,April,5,Saturday,True
2014-04-06,2014,2,4,April,6,Sunday,True
2014-04-07,2014,2,4,April,7,Monday,False
2014-04-08,2014,2,4,April,8,Tuesday,False
2014-04-09,2014,2,4,April,9,Wednesday,False
2014-04-10,2014,2,4,April,10,Thursday,False
2014-04-11,2014,2,4,April,11,Friday,False
2014-04-12,2014,2,4,April,12,Saturday,True
2014-04-13,2014,2,4,April,13,Sunday,True
2014-04-14,2014,2,4,April,14,Monday,False
2014-04-15,2014,2,4,April,15,Tuesday,False
2014-04-16,2014,2,4,April,16,Wednesday,False
2014-04-17,2014,2,4,April,17,Thursday,False
2014-04-18,2014,2,4,April,18,Friday,False
2014-04-19,2014,2,4,April,19,Saturday,True
2014-04-20,2014,2,4,April,20,Sunday,True
2014-04-21,2014,2,4,April,21,Monday,False
2014-04-22,2014,2,4,April,22,Tuesday,False
2014-04-23,2014,2,4,April,23,Wednesday,False
2014-04-24,2014,2,4,April,24,Thursday,False
2014-04-25,2014,2,4,April,25,Friday,False
2014-04-26,2014,2,4,April,26,Saturday,True
2014-04-27,2014,2,4,April,27,Sunday,True
2014-04-28,2014,2,4,April,28,Monday,False
2014-04-29,2014,2,4,April,29,Tuesday,False
2014-04-30,2014,2,4,April,30,Wednesday,False
2014-05-01,2014,2,5,May,1,Thursday,False
2014-05-02,2014,2,5,May,2,Friday,False
2014-05-03,2014,2,5,May,3,Saturday,True
2014-05-04,2014,2,5,May,4,Sunday,True
2014-05-05,2014,2,5,May,5,Monday,False
2014-05-06,2014,2,5,May,6,Tuesday,False
2014-05-07,2014,2,5,May,7,Wednesday,False
2014-05-08,2014,2,5,May,8,Thursday,False
2014-05-09,2014,2,5,May,9,Friday,False
2014-05-10,2014,2,5,May,10,Saturday,True
2014-05-11,2014,2,5,May,11,Sunday,True
2014-05-12,2014,2,5,May,12,Monday,False
2014-05-13,2014,2,5,May,13,Tuesday,False
2014-05-14,2014,2,5,May,14,Wednesday,False
2014-05-15,2014,2,5,May,15,Thursday,False
2014-05-16,2014,2,5,May,16,Friday,False
2014-05-17,2014,2,5,May,17,Saturday,True
2014-05-18,2014,2,5,May,18,Sunday,True
2014-05-19,2014,2,5,May,19,Monday,False
2014-05-20,2014,2,5,May,20,Tuesday,False
2014-05-21,2014,2,5,May,21,Wednesday,False
2014-05-22,2014,2,5,May,22,Thursday,False
2014-05-23,2014,2,5,May,23,Friday,False
2014-05-24,2014,2,5,May,24,Saturday,True
2014-05-25,2014,2,5,May,25,Sunday,True
2014-05-26,2014,2,5,May,26,Monday,False
2014-05-27,2014,2,5,May,27,Tuesday,False
2014-05-28,2014,2,5,May,28,Wednesday,False
2014-05-29,2014,2,5,May,29,Thursday,False
2014-05-30,2014,2,5,May,30,Friday,False
2014-05-31,2014,2,5,May,31,Saturday,True
2014-06-01,2014,2,6,June,1,Sunday,True
2014-06-02,2014,2,6,June,2,Monday,False
2014-06-03,2014,2,6,June,3,Tuesday,False
2014-06-04,2014,2,6,June,4,Wednesday,False
2014-06-05,2014,2,6,June,5,Thursday,False
2014-06-06,2014,2,6,June,6,Friday,False
2014-06-07,2014,2,6,June,7,Saturday,True
2014-06-08,2014,2,6,June,8,Sunday,True
2014-06-09,2014,2,6,June,9,Monday,False
2014-06-10,2014,2,6,June,10,Tuesday,False
2014-06-11,2014,2,6,June,11,Wednesday,False
2014-06-12,2014,2,6,June,12,Thursday,False
2014-06-13,2014,2,6,June,13,Friday,False
2014-06-14,2014,2,6,June,14,Saturday,True
2014-06-15,2014,2,6,June,15,Sunday,True
2014-06-16,2014,2,6,June,16,Monday,False
2014-06-17,2014,2,6,June,17,Tuesday,False
2014-06-18,2014,2,6,June,18,Wednesday,False
2014-06-19,2014,2,6,June,19,Thursday,False
2014-06-20,2014,2,6,June,20,Friday,False
2014-06-21,2014,2,6,June,21,Saturday,True
2014-06-22,2014,2,6,June,22,Sunday,True
2014-06-23,2014,2,6,June,23,Monday,False
2014-06-24,2014,2,6,June,24,Tuesday,False
2014-06-25,2014,2,6,June,25,Wednesday,False
2014-06-26,2014,2,6,June,26,Thursday,False
2014-06-27,2014,2,6,June,27,Friday,False
2014-06-28,2014,2,6,June,28,Saturday,True
2014-06-29,2014,2,6,June,29,Sunday,True
2014-06-30,2014,2,6,June,30,Monday,False
2014-07-01,2014,3,7,July,1,Tuesday,False
2014-07-02,2014,3,7,July,2,Wednesday,False
2014-07-03,2014,3,7,July,3,Thursday,False
2014-07-04,2014,3,7,July,4,Friday,False
2014-07-05,2014,3,7,July,5,Saturday,True
2014-07-06,2014,3,7,July,6,Sunday,True
2014-07-07,2014,3,7,July,7,Monday,False
2014-07-08,2014,3,7,July,8,Tuesday,False
2014-07-09,2014,3,7,July,9,Wednesday,False
2014-07-10,2014,3,7,July,10,Thursday,False
2014-07-11,2014,3,7,July,11,Friday,False
2014-07-12,2014,3,7,July,12,Saturday,True
2014-07-13,2014,3,7,July,13,Sunday,True
2014-07-14,2014,3,7,July,14,Monday,False
2014-07-15,2014,3,7,July,15,Tuesday,False
2014-07-16,2014,3,7,July,16,Wednesday,False
2014-07-17,2014,3,7,July,17,Thursday,False
2014-07-18,2014,3,7,July,18,Friday,False
2014-07-19,2014,3,7,July,19,Saturday,True
2014-07-21,2014,3,7,July,21,Monday,False
2014-07-22,2014,3,7,July,22,Tuesday,False
2014-07-23,2014,3,7,July,23,Wednesday,False
2014-07-24,2014,3,7,July,24,Thursday,False
2014-07-25,2014,3,7,July,25,Friday,False
2014-07-26,2014,3,7,July,26,Saturday,True
2014-07-27,2014,3,7,July,27,Sunday,True
2014-07-28,2014,3,7,July,28,Monday,False
2014-07-29,2014,3,7,July,29,Tuesday,False
2014-07-30,2014,3,7,July,30,Wednesday,False
2014-07-31,2014,3,7,July,31,Thursday,False
2014-08-01,2014,3,8,August,1,Friday,False
2014-08-02,2014,3,8,August,2,Saturday,True
2014-08-03,2014,3,8,August,3,Sunday,True
2014-08-04,2014,3,8,August,4,Monday,False
2014-08-05,2014,3,8,August,5,Tuesday,False
2014-08-06,2014,3,8,August,6,Wednesday,False
2014-08-07,2014,3,8,August,7,Thursday,False
2014-08-08,2014,3,8,August,8,Friday,False
2014-08-09,2014,3,8,August,9,Saturday,True
2014-08-11,2014,3,8,August,11,Monday,False
2014-08-12,2014,3,8,August,12,Tuesday,False
2014-08-13,2014,3,8,August,13,Wednesday,False
2014-08-14,2014,3,8,August,14,Thursday,False
2014-08-15,2014,3,8,August,15,Friday,False
2014-08-16,2014,3,8,August,16,Saturday,True
2014-08-17,2014,3,8,August,17,Sunday,True
2014-08-18,2014,3,8,August,18,Monday,False
2014-08-19,2014,3,8,August,19,Tuesday,False
2014-08-20,2014,3,8,August,20,Wednesday,False
2014-08-21,2014,3,8,August,21,Thursday,False
2014-08-22,2014,3,8,August,22,Friday,False
2014-08-23,2014,3,8,August,23,Saturday,True
2014-08-24,2014,3,8,August,24,Sunday,True
2014-08-25,2014,3,8,August,25,Monday,False
2014-08-26,2014,3,8,August,26,Tuesday,False
2014-08-27,2014,3,8,August,27,Wednesday,False
2014-08-28,2014,3,8,August,28,Thursday,False
2014-08-29,2014,3,8,August,29,Friday,False
2014-08-30,2014,3,8,August,30,Saturday,True
2014-08-31,2014,3,8,August,31,Sunday,True
2014-09-01,2014,3,9,September,1,Monday,False
2014-09-02,2014,3,9,September,2,Tuesday,False
2014-09-03,2014,3,9,September,3,Wednesday,False
2014-09-04,2014,3,9,September,4,Thursday,False
2014-09-05,2014,3,9,September,5,Friday,False
2014-09-06,2014,3,9,September,6,Saturday,True
2014-09-07,2014,3,9,September,7,Sunday,True
2014-09-08,2014,3,9,September,8,Monday,False
2014-09-09,2014,3,9,September,9,Tuesday,False
2014-09-10,2014,3,9,September,10,Wednesday,False
2014-09-11,2014,3,9,September,11,Thursday,False
2014-09-12,2014,3,9,September,12,Friday,False
2014-09-13,2014,3,9,September,13,Saturday,True
2014-09-14,2014,3,9,September,14,Sunday,True
2014-09-15,2014,3,9,September,15,Monday,False
2014-09-16,2014,3,9,September,16,Tuesday,False
2014-09-17,2014,3,9,September,17,Wednesday,False
2014-09-18,2014,3,9,September,18,Thursday,False
2014-09-19,2014,3,9,September,19,Friday,False
2014-09-20,2014,3,9,September,20,Saturday,True
2014-09-21,2014,3,9,September,21,Sunday,True
2014-09-22,2014,3,9,September,22,Monday,False
2014-09-23,2014,3,9,September,23,Tuesday,False
2014-09-24,2014,3,9,September,24,Wednesday,False
2014-09-25,2014,3,9,September,25,Thursday,False
2014-09-26,2014,3,9,September,26,Friday,False
2014-09-27,2014,3,9,September,27,Saturday,True
2014-09-28,2014,3,9,September,28,Sunday,True
2014-09-29,2014,3,9,September,29,Monday,False
2014-09-30,2014,3,9,September,30,Tuesday,False
2014-10-01,2014,4,10,October,1,Wednesday,False
2014-10-02,2014,4,10,October,2,Thursday,False
2014-10-03,2014,4,10,October,3,Friday,False
2014-10-04,2014,4,10,October,4,Saturday,True
2014-10-05,2014,4,10,October,5,Sunday,True
2014-10-06,2014,4,10,October,6,Monday,False
2014-10-07,2014,4,10,October,7,Tuesday,False
2014-10-08,2014,4,10,October,8,Wednesday,False
2014-10-09,2014,4,10,October,9,Thursday,False
2014-10-10,2014,4,10,October,10,Friday,False
2014-10-11,2014,4,10,October,11,Saturday,True
2014-10-12,2014,4,10,October,12,Sunday,True
2014-10-13,2014,4,10,October,13,Monday,False
2014-10-14,2014,4,10,October,14,Tuesday,False
2014-10-15,2014,4,10,October,15,Wednesday,False
2014-10-16,2014,4,10,October,16,Thursday,False
2014-10-17,2014,4,10,October,17,Friday,False
2014-10-18,2014,4,10,October,18,Saturday,True
2014-10-19,2014,4,10,October,19,Sunday,True
2014-10-20,2014,4,10,October,20,Monday,False
2014-10-21,2014,4,10,October,21,Tuesday,False
2014-10-22,2014,4,10,October,22,Wednesday,False
2014-10-23,2014,4,10,October,23,Thursday,False
2014-10-24,2014,4,10,October,24,Friday,False
2014-10-25,2014,4,10,October,25,Saturday,True
2014-10-27,2014,4,10,October,27,Monday,False
2014-10-28,2014,4,10,October,28,Tuesday,False
2014-10-29,2014,4,10,October,29,Wednesday,False
2014-10-30,2014,4,10,October,30,Thursday,False
2014-10-31,2014,4,10,October,31,Friday,False
2014-11-01,2014,4,11,November,1,Saturday,True
2014-11-02,2014,4,11,November,2,Sunday,True
2014-11-03,2014,4,11,November,3,Monday,False
2014-11-04,2014,4,11,November,4,Tuesday,False
2014-11-05,2014,4,11,November,5,Wednesday,False
2014-11-06,2014,4,11,November,6,Thursday,False
2014-11-07,2014,4,11,November,7,Friday,False
2014-11-08,2014,4,11,November,8,Saturday,True
2014-11-09,2014,4,11,November,9,Sunday,True
2014-11-10,2014,4,11,November,10,Monday,False
2014-11-11,2014,4,11,November,11,Tuesday,False
2014-11-12,2014,4,11,November,12,Wednesday,False
2014-11-13,2014,4,11,November,13,Thursday,False
2014-11-14,2014,4,11,November,14,Friday,False
2014-11-15,2014,4,11,November,15,Saturday,True
2014-11-16,2014,4,11,November,16,Sunday,True
2014-11-17,2014,4,11,November,17,Monday,False
2014-11-18,2014,4,11,November,18,Tuesday,False
2014-11-19,2014,4,11,November,19,Wednesday,False
2014-11-20,2014,4,11,November,20,Thursday,False
2014-11-21,2014,4,11,November,21,Friday,False
2014-11-22,2014,4,11,November,22,Saturday,True
2014-11-23,2014,4,11,November,23,Sunday,True
2014-11-24,2014,4,11,November,24,Monday,False
2014-11-25,2014,4,11,November,25,Tuesday,False
2014-11-26,2014,4,11,November,26,Wednesday,False
2014-11-27,2014,4,11,November,27,Thursday,False
2014-11-28,2014,4,11,November,28,Friday,False
2014-11-29,2014,4,11,November,29,Saturday,True
2014-11-30,2014,4,11,November,30,Sunday,True
2014-12-01,2014,4,12,December,1,Monday,False
2014-12-02,2014,4,12,December,2,Tuesday,False
2014-12-03,2014,4,12,December,3,Wednesday,False
2014-12-04,2014,4,12,December,4,Thursday,False
2014-12-05,2014,4,12,December,5,Friday,False
2014-12-06,2014,4,12,December,6,Saturday,True
2014-12-07,2014,4,12,December,7,Sunday,True
2014-12-08,2014,4,12,December,8,Monday,False
2014-12-09,2014,4,12,December,9,Tuesday,False
2014-12-10,2014,4,12,December,10,Wednesday,False
2014-12-11,2014,4,12,December,11,Thursday,False
2014-12-12,2014,4,12,December,12,Friday,False
2014-12-13,2014,4,12,December,13,Saturday,True
2014-12-14,2014,4,12,December,14,Sunday,True
2014-12-15,2014,4,12,December,15,Monday,False
2014-12-16,2014,4,12,December,16,Tuesday,False
2014-12-17,2014,4,12,December,17,Wednesday,False
2014-12-18,2014,4,12,December,18,Thursday,False
2014-12-19,2014,4,12,December,19,Friday,False
2014-12-20,2014,4,12,December,20,Saturday,True
2014-12-21,2014,4,12,December,21,Sunday,True
2014-12-22,2014,4,12,December,22,Monday,False
2014-12-23,2014,4,12,December,23,Tuesday,False
2014-12-24,2014,4,12,December,24,Wednesday,False
2014-12-25,2014,4,12,December,25,Thursday,False
2014-12-26,2014,4,12,December,26,Friday,False
2014-12-27,2014,4,12,December,27,Saturday,True
2014-12-28,2014,4,12,December,28,Sunday,True
2014-12-29,2014,4,12,December,29,Monday,False
2014-12-30,2014,4,12,December,30,Tuesday,False
2014-12-31,2014,4,12,December,31,Wednesday,False
